index_o,network_code,receiver_code,receiver_type,receiver_latitude,receiver_longitude,receiver_elevation_m,p_arrival_sample,p_status,p_weight,p_travel_sec,s_arrival_sample,s_status,s_weight,source_id,source_origin_time,source_origin_uncertainty_sec,source_latitude,source_longitude,source_error_sec,source_gap_deg,source_horizontal_uncertainty_km,source_depth_km,source_depth_uncertainty_km,source_magnitude,source_magnitude_type,source_magnitude_author,source_mechanism_strike_dip_rake,source_distance_deg,source_distance_km,back_azimuth_deg,snr_db,coda_end_sample,trace_start_time,trace_category,trace_name,SNR_DB ZNE
1007750,GS,OK031,HH,35.95309,-96.83911,290.0,500.0,manual,0.5,10.020000457763672,1293.0,manual,0.5,606757517,2015-02-27 20:23:10.26,1.09,36.2695,-97.3823,0.6453,25.558,3.58422,5.77,7.7,3.3,ml,,,0.54,60.2,125.5,[36.29999924 38.40000153 29.79999924],[[5900.]],2015-02-27 20:23:15.280000,earthquake_local,OK031.GS_20150227202314_EV,"[23.097074012738382, 15.079734108705052, 16.142608051516333]"
1007751,GS,OK031,HH,35.95309,-96.83911,290.0,800.0,manual,0.5,8.149999618530273,1350.0,manual,0.5,606758186,2015-02-28 20:01:03.92,1.1,36.1413,-97.2769,0.7391,22.007,3.28041,4.56,,3.1,mb_lg,,,0.4,44.64,117.8,[34.5        39.59999847 39.29999924],[[3672.]],2015-02-28 20:01:04.070000,earthquake_local,OK031.GS_20150228200103_EV,"[35.28193786302703, 35.55279231535514, 31.174201906218055]"
1007752,GS,OK031,HH,35.95309,-96.83911,290.0,600.0,manual,0.5,8.149999618530273,1150.0,manual,0.5,606758186,2015-02-28 20:01:03.92,1.1,36.1413,-97.2769,0.7391,22.007,3.28041,4.56,,3.1,mb_lg,,,0.4,44.64,117.8,[34.40000153 40.59999847 39.79999924],[[3010.]],2015-02-28 20:01:06.070000,earthquake_local,OK031.GS_20150228200105_EV,"[35.591414502951466, 36.44557028694008, 31.76251806707503]"
1007753,GS,OK031,HH,35.95309,-96.83911,290.0,700.0,manual,0.5,10.779999732971191,1474.0,manual,0.5,606768024,2015-03-03 12:06:13.39,1.01,36.0802,-97.4898,0.8641,23.995,3.67982,8.23,,3.3,mb_lg,,,0.54,60.33,103.3,[36.5        31.29999924 33.40000153],[[3199.]],2015-03-03 12:06:17.170000,earthquake_local,OK031.GS_20150303120616_EV,"[32.1657496800396, 17.99770080939558, 17.507320103030864]"
1007757,GS,OK031,HH,35.95309,-96.83911,290.0,800.0,manual,0.48,18.1299991607666,2087.0,manual,0.75,usc000tvhh,2015-03-06 08:59:15.800000,,36.6241,-97.673,,,,6.4,,3.1,ml,,,0.9499,105.44,314.578,[20.60000038 26.29999924 11.39999962],[[5999.]],2015-03-06 08:59:25.930000,earthquake_local,OK031.GS_20150306085925_EV,"[12.898709859036856, 12.779631088905738, 14.39274858388594]"
1007758,GS,OK031,HH,35.95309,-96.83911,290.0,600.0,manual,0.5,17.850000381469727,1862.0,autopicker,0.61,606815964,2015-03-07 22:46:50.73,1.14,36.6066,-97.6618,0.5062,37.07,3.54043,4.62,,3.4,mb_lg,,,0.93,103.55,134.2,[34.40000153 33.29999924 28.        ],[[5900.]],2015-03-07 22:47:02.580000,earthquake_local,OK031.GS_20150307224701_EV,"[30.071106776248776, 18.874243826493494, 23.03718644974228]"
1007759,GS,OK031,HH,35.95309,-96.83911,290.0,900.0,manual,0.5,9.109999656677246,1596.0,autopicker,0.85,606816205,2015-03-08 16:48:08.64,0.78,35.6391,-97.2497,0.7435,20.196,4.02608,9.36,,3.5,mb_lg,,,0.46,50.9,46.7,[39.70000076 36.79999924 33.90000153],[[5648.]],2015-03-08 16:48:08.750000,earthquake_local,OK031.GS_20150308164807_EV,"[31.335411800482195, 26.133009888938233, 21.345902768829536]"
1007760,GS,OK031,HH,35.95309,-96.83911,290.0,800.0,manual,0.5,9.109999656677246,1496.0,autopicker,0.87,606816205,2015-03-08 16:48:08.64,0.78,35.6391,-97.2497,0.7435,20.196,4.02608,9.36,,3.5,mb_lg,,,0.46,50.9,46.7,[39.5        37.40000153 33.59999847],[[3684.]],2015-03-08 16:48:09.750000,earthquake_local,OK031.GS_20150308164808_EV,"[31.33541091892925, 26.133074755344524, 21.34565716041113]"
1007761,GS,OK031,HH,35.95309,-96.83911,290.0,700.0,manual,0.5,10.350000381469728,1429.0,manual,0.5,606816389,2015-03-09 04:01:22.89,0.82,35.8281,-97.4517,0.8971,19.382,4.12624,6.47,,3.3,mb_lg,,,0.51,57.02,75.7,[49.         48.59999847 39.70000076],[[3584.]],2015-03-09 04:01:26.240000,earthquake_local,OK031.GS_20150309040125_EV,"[38.098257875322844, 36.01009233934447, 33.039383126786355]"
1007762,GS,OK031,HH,35.95309,-96.83911,290.0,600.0,manual,0.5,10.350000381469728,1329.0,manual,0.5,606816389,2015-03-09 04:01:22.89,0.82,35.8281,-97.4517,0.8971,19.382,4.12624,6.47,,3.3,mb_lg,,,0.51,57.02,75.7,[49.5        48.79999924 39.70000076],[[3626.]],2015-03-09 04:01:27.240000,earthquake_local,OK031.GS_20150309040126_EV,"[37.66708460529037, 35.3846763467747, 32.22344360893027]"
1007763,GS,OK031,HH,35.95309,-96.83911,290.0,500.0,manual,0.5,10.350000381469728,1229.0,manual,0.5,606816389,2015-03-09 04:01:22.89,0.82,35.8281,-97.4517,0.8971,19.382,4.12624,6.47,,3.3,mb_lg,,,0.51,57.02,75.7,[49.40000153 46.70000076 37.        ],[[3526.]],2015-03-09 04:01:28.240000,earthquake_local,OK031.GS_20150309040127_EV,"[36.57579533071012, 34.31213855055718, 33.23235338270271]"
1007764,GS,OK031,HH,35.95309,-96.83911,290.0,800.0,manual,0.5,9.770000457763672,1485.0,manual,0.5,606817616,2015-03-09 10:48:57.15,0.86,35.8352,-97.4391,0.7509,19.337,4.14634,5.85,,3.3,mb_lg,,,0.5,55.73,76.3,[51.09999847 55.29999924 48.5       ],[[3421.]],2015-03-09 10:48:58.920000,earthquake_local,OK031.GS_20150309104857_EV,"[42.70608600458296, 38.73900906089741, 32.86599259677097]"
1007765,GS,OK031,HH,35.95309,-96.83911,290.0,600.0,manual,0.5,9.770000457763672,1285.0,manual,0.5,606817616,2015-03-09 10:48:57.15,0.86,35.8352,-97.4391,0.7509,19.337,4.14634,5.85,,3.3,mb_lg,,,0.5,55.73,76.3,[53.5        58.09999847 49.70000076],[[3540.]],2015-03-09 10:49:00.920000,earthquake_local,OK031.GS_20150309104859_EV,"[42.65983261702314, 39.055070393989666, 32.677454626763435]"
1007766,GS,OK031,HH,35.95309,-96.83911,290.0,800.0,manual,0.5,18.809999465942383,2084.0,autopicker,0.73,606819205,2015-03-10 04:21:04.07,1.04,36.7118,-97.5206,0.9524,23.95,3.3646,6.13,,3.5,mb_lg,,,0.94,104.08,143.8,[50.20000076 53.         47.20000076],[[3340.]],2015-03-10 04:21:14.880000,earthquake_local,OK031.GS_20150310042113_EV,"[44.351035112657755, 38.934311410765844, 40.297921961744194]"
1007767,GS,OK031,HH,35.95309,-96.83911,290.0,600.0,manual,0.5,18.809999465942383,1885.0,autopicker,0.72,606819205,2015-03-10 04:21:04.07,1.04,36.7118,-97.5206,0.9524,23.95,3.3646,6.13,,3.5,mb_lg,,,0.94,104.08,143.8,[50.5        52.09999847 46.5       ],[[5900.]],2015-03-10 04:21:16.880000,earthquake_local,OK031.GS_20150310042115_EV,"[44.36956427570817, 38.81000285620425, 40.31958865163005]"
1007768,GS,OK031,HH,35.95309,-96.83911,290.0,500.0,manual,0.5,18.809999465942383,1784.0,autopicker,0.71,606819205,2015-03-10 04:21:04.07,1.04,36.7118,-97.5206,0.9524,23.95,3.3646,6.13,,3.5,mb_lg,,,0.94,104.08,143.8,[49.79999924 53.40000153 45.79999924],[[5740.]],2015-03-10 04:21:17.880000,earthquake_local,OK031.GS_20150310042116_EV,"[42.001954567937304, 38.37309904451691, 38.34444468206663]"
1007772,GS,OK031,HH,35.95309,-96.83911,290.0,800.0,manual,0.5,9.43000030517578,1465.0,manual,0.5,606825771,2015-03-13 07:38:53.98,0.87,35.7648,-97.3863,0.5925,39.234,3.07704,8.12,,3.2,mb_lg,,,0.48,53.66,66.9,[43.79999924 44.29999924 36.29999924],[[5900.]],2015-03-13 07:38:55.410000,earthquake_local,OK031.GS_20150313073854_EV,"[39.07469947857089, 34.82237373979632, 29.81393619007323]"
1007773,GS,OK031,HH,35.95309,-96.83911,290.0,600.0,manual,0.5,9.43000030517578,1265.0,manual,0.5,606825771,2015-03-13 07:38:53.98,0.87,35.7648,-97.3863,0.5925,39.234,3.07704,8.12,,3.2,mb_lg,,,0.48,53.66,66.9,[44.79999924 43.20000076 37.70000076],[[3460.]],2015-03-13 07:38:57.410000,earthquake_local,OK031.GS_20150313073856_EV,"[39.08503767864908, 34.455097395829014, 29.856204337076512]"
1007774,GS,OK031,HH,35.95309,-96.83911,290.0,500.0,manual,0.5,9.43000030517578,1165.0,manual,0.5,606825771,2015-03-13 07:38:53.98,0.87,35.7648,-97.3863,0.5925,39.234,3.07704,8.12,,3.2,mb_lg,,,0.48,53.66,66.9,[43.70000076 43.59999847 38.29999924],[[3269.]],2015-03-13 07:38:58.410000,earthquake_local,OK031.GS_20150313073857_EV,"[38.45387925503205, 34.17249123398129, 30.33148147086076]"
1007775,GS,OK031,HH,35.95309,-96.83911,290.0,800.0,manual,0.5,21.979999542236328,2362.0,manual,0.5,606828039,2015-03-13 10:04:26.75,0.86,36.9299,-97.6329,1.0595,27.963,3.17157,10.71,2.0,3.3,ml,,,1.17,129.67,146.5,[41.         38.5        31.60000038],[[3160.]],2015-03-13 10:04:40.730000,earthquake_local,OK031.GS_20150313100439_EV,"[29.671849569352823, 19.02834157845447, 24.724913084012314]"
1007776,GS,OK031,HH,35.95309,-96.83911,290.0,700.0,manual,0.5,21.979999542236328,2262.0,manual,0.5,606828039,2015-03-13 10:04:26.75,0.86,36.9299,-97.6329,1.0595,27.963,3.17157,10.71,2.0,3.3,ml,,,1.17,129.67,146.5,[41.09999847 39.5        32.20000076],[[5900.]],2015-03-13 10:04:41.730000,earthquake_local,OK031.GS_20150313100440_EV,"[29.716544514123356, 19.08566326967254, 24.79237513556778]"
1007777,GS,OK031,HH,35.95309,-96.83911,290.0,600.0,manual,0.5,21.979999542236328,2162.0,manual,0.5,606828039,2015-03-13 10:04:26.75,0.86,36.9299,-97.6329,1.0595,27.963,3.17157,10.71,2.0,3.3,ml,,,1.17,129.67,146.5,[42.20000076 37.70000076 31.79999924],[[5900.]],2015-03-13 10:04:42.730000,earthquake_local,OK031.GS_20150313100441_EV,"[29.550251102287017, 19.356669283990705, 24.960093850713342]"
1007778,GS,OK031,HH,35.95309,-96.83911,290.0,700.0,manual,0.5,19.09000015258789,2033.0,autopicker,0.7,606831112,2015-03-14 13:57:46.73,1.12,36.7274,-97.6384,1.0617,28.013,3.33863,4.31,,3.1,mb_lg,,,1.01,111.94,139.9,[37.09999847 37.09999847 31.29999924],[[5900.]],2015-03-14 13:57:58.820000,earthquake_local,OK031.GS_20150314135757_EV,"[26.27784569810654, 17.454561030306404, 19.977935484194518]"
1007779,GS,OK031,HH,35.95309,-96.83911,290.0,600.0,manual,0.5,19.09000015258789,1933.0,autopicker,0.69,606831112,2015-03-14 13:57:46.73,1.12,36.7274,-97.6384,1.0617,28.013,3.33863,4.31,,3.1,mb_lg,,,1.01,111.94,139.9,[38.29999924 37.59999847 31.79999924],[[5900.]],2015-03-14 13:57:59.820000,earthquake_local,OK031.GS_20150314135758_EV,"[26.184670642612694, 17.87520799747722, 19.991485360717242]"
1007780,GS,OK031,HH,35.95309,-96.83911,290.0,500.0,manual,0.5,19.09000015258789,1835.0,autopicker,0.72,606831112,2015-03-14 13:57:46.73,1.12,36.7274,-97.6384,1.0617,28.013,3.33863,4.31,,3.1,mb_lg,,,1.01,111.94,139.9,[38.         39.29999924 30.        ],[[5900.]],2015-03-14 13:58:00.820000,earthquake_local,OK031.GS_20150314135759_EV,"[25.86884825781041, 18.112366537983537, 20.212139445171037]"
1007783,GS,OK031,HH,35.95309,-96.83911,290.0,900.0,manual,0.5,7.139999866485596,1397.0,manual,0.5,610586865,2015-03-16 13:19:00.80,0.93,35.8363,-97.2458,0.4651,37.69,3.24411,8.19,,3.1,mb_lg,,,0.35,38.94,70.4,[33.90000153 33.         27.89999962],[[5900.]],2015-03-16 13:18:58.940000,earthquake_local,OK031.GS_20150316131857_EV,"[28.715561844043766, 29.411176084815974, 31.406983600357144]"
1007784,GS,OK031,HH,35.95309,-96.83911,290.0,800.0,manual,0.5,7.139999866485596,1297.0,manual,0.5,610586865,2015-03-16 13:19:00.80,0.93,35.8363,-97.2458,0.4651,37.69,3.24411,8.19,,3.1,mb_lg,,,0.35,38.94,70.4,[33.09999847 33.40000153 27.60000038],[[2896.]],2015-03-16 13:18:59.940000,earthquake_local,OK031.GS_20150316131858_EV,"[28.714906629183705, 29.411141822822316, 31.40693946888144]"
1007785,GS,OK031,HH,35.95309,-96.83911,290.0,400.0,manual,0.5,7.139999866485596,897.0,manual,0.5,610586865,2015-03-16 13:19:00.80,0.93,35.8363,-97.2458,0.4651,37.69,3.24411,8.19,,3.1,mb_lg,,,0.35,38.94,70.4,[36.29999924 33.40000153 30.70000076],[[2496.]],2015-03-16 13:19:03.940000,earthquake_local,OK031.GS_20150316131902_EV,"[28.942075827979604, 29.151544253259676, 32.013446875350596]"
1007786,GS,OK031,HH,35.95309,-96.83911,290.0,500.0,manual,0.5,24.68000030517578,2344.0,autopicker,0.45,606833107,2015-03-17 05:50:10.16,0.97,37.0258,-97.8216,0.5443,37.078,3.69433,6.42,,3.2,mb_lg,,,1.33,148.05,143.2,[42.29999924 42.5        33.20000076],[[2391.]],2015-03-17 05:50:29.840000,earthquake_local,OK031.GS_20150317055028_EV,"[31.38598658655148, 26.197515427402106, 30.166346697395564]"
1007788,GS,OK031,HH,35.95309,-96.83911,290.0,700.0,manual,0.5,16.559999465942383,1865.0,autopicker,0.74,606857381,2015-03-20 09:00:40.37,1.12,36.5769,-97.5929,0.796,36.121,3.29916,3.42,7.6,3.2,ml,,,0.87,96.85,135.4,[38.5        38.79999924 32.70000076],[[5900.]],2015-03-20 09:00:49.930000,earthquake_local,OK031.GS_20150320090048_EV,"[32.113314315287795, 24.231675745367106, 28.369914213080317]"
1007789,GS,OK031,HH,35.95309,-96.83911,290.0,600.0,manual,0.5,16.559999465942383,1767.0,autopicker,0.72,606857381,2015-03-20 09:00:40.37,1.12,36.5769,-97.5929,0.796,36.121,3.29916,3.42,7.6,3.2,ml,,,0.87,96.85,135.4,[37.20000076 39.90000153 32.29999924],[[5359.]],2015-03-20 09:00:50.930000,earthquake_local,OK031.GS_20150320090049_EV,"[32.03913648085874, 24.017757024539247, 28.396529114972022]"
1007790,GS,OK031,HH,35.95309,-96.83911,290.0,500.0,manual,0.5,16.559999465942383,1668.0,autopicker,0.75,606857381,2015-03-20 09:00:40.37,1.12,36.5769,-97.5929,0.796,36.121,3.29916,3.42,7.6,3.2,ml,,,0.87,96.85,135.4,[36.40000153 38.59999847 32.5       ],[[5268.]],2015-03-20 09:00:51.930000,earthquake_local,OK031.GS_20150320090050_EV,"[31.679325142247666, 24.020775707834787, 28.564558809616557]"
1007791,GS,OK031,HH,35.95309,-96.83911,290.0,400.0,manual,0.5,16.559999465942383,1568.0,autopicker,0.75,606857381,2015-03-20 09:00:40.37,1.12,36.5769,-97.5929,0.796,36.121,3.29916,3.42,7.6,3.2,ml,,,0.87,96.85,135.4,[36.59999847 37.59999847 31.70000076],[[5172.]],2015-03-20 09:00:52.930000,earthquake_local,OK031.GS_20150320090051_EV,"[31.50301940815957, 23.713533736963377, 28.458476842528178]"
1007792,GS,OK031,HH,35.95309,-96.83911,290.0,285.0,autopicker,0.9,9.56999969482422,900.0,autopicker,0.74,606858298,2015-03-21 10:08:51.08,1.06,36.3658,-97.021,1.2721,15.781,3.90177,5.73,,3.6,mwr,,,0.44,48.63,160.3,[61.29999924 65.59999847 60.09999847],[[2681.]],2015-03-21 10:08:57.800000,earthquake_local,OK031.GS_20150321100856_EV,"[55.323352573208254, 58.344817892193284, 56.58549583290643]"
1007795,GS,OK031,HH,35.95309,-96.83911,290.0,900.0,manual,0.5,10.140000343322754,1551.0,manual,0.5,606858343,2015-03-22 11:12:09.34,1.05,36.3432,-97.2441,1.3202,24.492,3.3663,6.17,,3.4,mb_lg,,,0.51,56.59,139.8,[54.90000153 57.29999924 48.29999924],[[5900.]],2015-03-22 11:12:10.480000,earthquake_local,OK031.GS_20150322111209_EV,"[44.378314095175, 53.33232255484023, 50.553352402724265]"
1007796,GS,OK031,HH,35.95309,-96.83911,290.0,800.0,manual,0.5,10.140000343322754,1451.0,manual,0.5,606858343,2015-03-22 11:12:09.34,1.05,36.3432,-97.2441,1.3202,24.492,3.3663,6.17,,3.4,mb_lg,,,0.51,56.59,139.8,[54.90000153 58.70000076 48.90000153],[[3513.]],2015-03-22 11:12:11.480000,earthquake_local,OK031.GS_20150322111210_EV,"[44.37577767626716, 53.332834609292796, 50.552091049926425]"
1007797,GS,OK031,HH,35.95309,-96.83911,290.0,600.0,manual,0.5,10.140000343322754,1251.0,manual,0.5,606858343,2015-03-22 11:12:09.34,1.05,36.3432,-97.2441,1.3202,24.492,3.3663,6.17,,3.4,mb_lg,,,0.51,56.59,139.8,[54.20000076 62.20000076 49.        ],[[3405.]],2015-03-22 11:12:13.480000,earthquake_local,OK031.GS_20150322111212_EV,"[44.335784934937415, 53.38958395838383, 50.628099231209404]"
1007798,GS,OK031,HH,35.95309,-96.83911,290.0,500.0,manual,0.5,10.140000343322754,1151.0,manual,0.5,606858343,2015-03-22 11:12:09.34,1.05,36.3432,-97.2441,1.3202,24.492,3.3663,6.17,,3.4,mb_lg,,,0.51,56.59,139.8,[55.20000076 62.90000153 50.5       ],[[3213.]],2015-03-22 11:12:14.480000,earthquake_local,OK031.GS_20150322111213_EV,"[44.96725684596866, 53.021024178205124, 50.62739473063068]"
1007799,GS,OK031,HH,35.95309,-96.83911,290.0,900.0,manual,0.5,12.829999923706056,1794.0,manual,0.5,610587026,2015-03-22 22:45:23.01,1.06,36.3329,-97.5196,0.5261,59.416,3.38753,7.26,6.8,3.4,ml,,,0.67,74.34,124.3,[34.29999924 36.40000153 27.29999924],[[3104.]],2015-03-22 22:45:26.840000,earthquake_local,OK031.GS_20150322224525_EV,"[26.122885508252907, 13.974542353813773, 14.778470127028081]"
1007800,GS,OK031,HH,35.95309,-96.83911,290.0,800.0,manual,0.5,12.829999923706056,1694.0,manual,0.5,610587026,2015-03-22 22:45:23.01,1.06,36.3329,-97.5196,0.5261,59.416,3.38753,7.26,6.8,3.4,ml,,,0.67,74.34,124.3,[33.40000153 35.29999924 28.70000076],[[4476.]],2015-03-22 22:45:27.840000,earthquake_local,OK031.GS_20150322224526_EV,"[26.122908602780562, 13.974517696958282, 14.778463368363496]"
1007801,GS,OK031,HH,35.95309,-96.83911,290.0,400.0,manual,0.5,12.829999923706056,1294.0,manual,0.5,610587026,2015-03-22 22:45:23.01,1.06,36.3329,-97.5196,0.5261,59.416,3.38753,7.26,6.8,3.4,ml,,,0.67,74.34,124.3,[32.40000153 31.39999962 28.39999962],[[4376.]],2015-03-22 22:45:31.840000,earthquake_local,OK031.GS_20150322224530_EV,"[25.657875999977588, 13.662563906685792, 14.263476761879541]"
1007802,GS,OK031,HH,35.95309,-96.83911,290.0,800.0,manual,0.5,23.549999237060547,2501.0,autopicker,0.52,606858500,2015-03-23 07:24:26.54,0.76,36.8067,-98.0393,1.2752,23.315,3.72143,13.16,,3.5,mb_lg,,,1.29,143.42,131.0,[40.90000153 44.20000076 31.10000038],[[4003.]],2015-03-23 07:24:42.090000,earthquake_local,OK031.GS_20150323072441_EV,"[27.218827083570435, 18.698450915900214, 20.408333318406346]"
1007803,GS,OK031,HH,35.95309,-96.83911,290.0,700.0,manual,0.5,23.549999237060547,2396.0,autopicker,0.51,606858500,2015-03-23 07:24:26.54,0.76,36.8067,-98.0393,1.2752,23.315,3.72143,13.16,,3.5,mb_lg,,,1.29,143.42,131.0,[42.         43.09999847 31.29999924],[[5900.]],2015-03-23 07:24:43.090000,earthquake_local,OK031.GS_20150323072442_EV,"[27.249255507724484, 18.77062754515939, 20.523195357654807]"
1007804,GS,OK031,HH,35.95309,-96.83911,290.0,500.0,manual,0.5,22.979999542236328,2198.0,autopicker,0.5,606859848,2015-03-23 16:23:42.83,1.04,36.7626,-98.0052,0.5344,42.62,3.48351,5.9,,3.1,mb_lg,,,1.24,137.92,130.3,[27.89999962 28.60000038 19.        ],[[5900.]],2015-03-23 16:24:00.810000,earthquake_local,OK031.GS_20150323162359_EV,"[16.479404679000186, 8.271667050646137, 9.420362921139823]"
1007805,GS,OK031,HH,35.95309,-96.83911,290.0,900.0,manual,0.5,4.059999942779541,1241.0,autopicker,0.85,606859850,2015-03-23 17:17:30.81,1.04,35.8239,-97.0085,0.8086,22.955,4.21663,8.61,,3.6,mwr,,,0.19,20.96,46.8,[24.70000076 25.         20.89999962],[[3164.]],2015-03-23 17:17:25.870000,earthquake_local,OK031.GS_20150323171724_EV,"[22.48917404575923, 25.386386420589222, 26.060914906271876]"
1007806,GS,OK031,HH,35.95309,-96.83911,290.0,800.0,manual,0.5,4.059999942779541,1140.0,autopicker,0.84,606859850,2015-03-23 17:17:30.81,1.04,35.8239,-97.0085,0.8086,22.955,4.21663,8.61,,3.6,mwr,,,0.19,20.96,46.8,[26.29999924 26.10000038 22.20000076],[[2960.]],2015-03-23 17:17:26.870000,earthquake_local,OK031.GS_20150323171725_EV,"[22.489183640152106, 25.38657598640141, 26.06131600895386]"
1007807,GS,OK031,HH,35.95309,-96.83911,290.0,900.0,manual,0.5,11.6899995803833,1725.0,autopicker,0.72,606860338,2015-03-23 20:16:15.76,1.06,36.1351,-97.5699,0.7558,30.058,3.68589,6.94,,3.6,mwr,,,0.62,68.88,106.8,[34.         35.79999924 36.5       ],[[2160.]],2015-03-23 20:16:18.450000,earthquake_local,OK031.GS_20150323201617_EV,"[30.77639586477012, 19.88900571315704, 15.744186216033796]"
1007808,GS,OK031,HH,35.95309,-96.83911,290.0,700.0,manual,0.5,11.6899995803833,1524.0,autopicker,0.72,606860338,2015-03-23 20:16:15.76,1.06,36.1351,-97.5699,0.7558,30.058,3.68589,6.94,,3.6,mwr,,,0.62,68.88,106.8,[32.29999924 34.         35.90000153],[[4200.]],2015-03-23 20:16:20.450000,earthquake_local,OK031.GS_20150323201619_EV,"[30.79102939762601, 19.907787880922964, 15.759618709508942]"
1007809,GS,OK031,HH,35.95309,-96.83911,290.0,600.0,manual,0.5,11.6899995803833,1425.0,autopicker,0.73,606860338,2015-03-23 20:16:15.76,1.06,36.1351,-97.5699,0.7558,30.058,3.68589,6.94,,3.6,mwr,,,0.62,68.88,106.8,[33.20000076 33.59999847 33.79999924],[[3996.]],2015-03-23 20:16:21.450000,earthquake_local,OK031.GS_20150323201620_EV,"[30.596670104442186, 19.368066182421167, 15.8895853450554]"
1007810,GS,OK031,HH,35.95309,-96.83911,290.0,400.0,manual,0.5,11.6899995803833,1225.0,autopicker,0.7,606860338,2015-03-23 20:16:15.76,1.06,36.1351,-97.5699,0.7558,30.058,3.68589,6.94,,3.6,mwr,,,0.62,68.88,106.8,[32.5        35.09999847 31.5       ],[[3900.]],2015-03-23 20:16:23.450000,earthquake_local,OK031.GS_20150323201622_EV,"[29.23316213949697, 19.310064508491607, 16.154489319258914]"
1007811,GS,OK031,HH,35.95309,-96.83911,290.0,900.0,manual,0.5,9.130000114440918,1518.0,manual,0.5,606860353,2015-03-24 00:27:28.15,1.08,36.3671,-97.1244,1.16,17.13,3.47268,6.51,,3.9,mb,,,0.47,52.63,150.7,[49.90000153 58.         42.40000153],[[3700.]],2015-03-24 00:27:28.280000,earthquake_local,OK031.GS_20150324002727_EV,"[23.174428570759883, 44.55301056336651, 32.78335508452027]"
1007812,GS,OK031,HH,35.95309,-96.83911,290.0,800.0,manual,0.5,9.130000114440918,1418.0,manual,0.5,606860353,2015-03-24 00:27:28.15,1.08,36.3671,-97.1244,1.16,17.13,3.47268,6.51,,3.9,mb,,,0.47,52.63,150.7,[48.90000153 58.29999924 41.79999924],[[3426.]],2015-03-24 00:27:29.280000,earthquake_local,OK031.GS_20150324002728_EV,"[23.174430021688938, 44.55287575040082, 32.78329160133802]"
1007813,GS,OK031,HH,35.95309,-96.83911,290.0,600.0,manual,0.5,9.130000114440918,1218.0,manual,0.5,606860353,2015-03-24 00:27:28.15,1.08,36.3671,-97.1244,1.16,17.13,3.47268,6.51,,3.9,mb,,,0.47,52.63,150.7,[47.70000076 55.20000076 40.5       ],[[3272.]],2015-03-24 00:27:31.280000,earthquake_local,OK031.GS_20150324002730_EV,"[23.172629025521196, 44.47823375638218, 32.76158392842474]"
1007814,GS,OK031,HH,35.95309,-96.83911,290.0,500.0,manual,0.5,9.130000114440918,1118.0,manual,0.5,606860353,2015-03-24 00:27:28.15,1.08,36.3671,-97.1244,1.16,17.13,3.47268,6.51,,3.9,mb,,,0.47,52.63,150.7,[47.90000153 54.29999924 38.09999847],[[3126.]],2015-03-24 00:27:32.280000,earthquake_local,OK031.GS_20150324002731_EV,"[20.17573543688876, 43.39626650311348, 30.051112303664766]"
1007815,GS,OK031,HH,35.95309,-96.83911,290.0,800.0,manual,0.5,24.63999938964844,2590.0,autopicker,0.51,606861031,2015-03-24 15:31:51.24,0.85,37.0985,-97.6536,0.8489,22.704,3.85855,7.97,4.7,3.7,mwr,,,1.32,146.55,149.9,[32.59999847 28.         23.39999962],[[5900.]],2015-03-24 15:32:07.880000,earthquake_local,OK031.GS_20150324153206_EV,"[24.311406375823505, 11.57392532665025, 20.643022948013837]"
1007816,GS,OK031,HH,35.95309,-96.83911,290.0,600.0,manual,0.5,23.489999771118164,2292.0,manual,0.5,606861254,2015-03-24 19:48:28.80,0.8,36.7606,-98.0154,0.9458,21.54,3.28502,11.09,,3.8,mb_lg,,,1.25,138.48,130.0,[32.59999847 37.40000153 21.10000038],[[5900.]],2015-03-24 19:48:46.290000,earthquake_local,OK031.GS_20150324194845_EV,"[19.226578277034626, 11.696319640165292, 10.853332499661999]"
1007817,GS,OK031,HH,35.95309,-96.83911,290.0,500.0,manual,0.5,23.489999771118164,2192.0,manual,0.5,606861254,2015-03-24 19:48:28.80,0.8,36.7606,-98.0154,0.9458,21.54,3.28502,11.09,,3.8,mb_lg,,,1.25,138.48,130.0,[32.09999847 37.5        20.89999962],[[5900.]],2015-03-24 19:48:47.290000,earthquake_local,OK031.GS_20150324194846_EV,"[19.277241182351307, 11.553207616368638, 11.520759842628216]"
1007818,GS,OK031,HH,35.95309,-96.83911,290.0,800.0,manual,0.5,13.020000457763672,1706.0,manual,0.5,606861256,2015-03-24 20:25:04.78,1.04,36.3365,-97.5153,0.8378,17.652,3.50156,5.85,7.5,3.5,mb_lg,,,0.67,74.25,124.8,[35.40000153 40.         25.        ],[[5900.]],2015-03-24 20:25:09.800000,earthquake_local,OK031.GS_20150324202508_EV,"[19.24087543240261, 13.191575430291799, 13.061053969522083]"
1007819,GS,OK031,HH,35.95309,-96.83911,290.0,700.0,manual,0.5,13.020000457763672,1606.0,manual,0.5,606861256,2015-03-24 20:25:04.78,1.04,36.3365,-97.5153,0.8378,17.652,3.50156,5.85,7.5,3.5,mb_lg,,,0.67,74.25,124.8,[35.         39.79999924 23.20000076],[[4424.]],2015-03-24 20:25:10.800000,earthquake_local,OK031.GS_20150324202509_EV,"[19.2663182810718, 13.19646243909484, 13.076329352401467]"
1007820,GS,OK031,HH,35.95309,-96.83911,290.0,600.0,manual,0.5,13.020000457763672,1506.0,manual,0.5,606861256,2015-03-24 20:25:04.78,1.04,36.3365,-97.5153,0.8378,17.652,3.50156,5.85,7.5,3.5,mb_lg,,,0.67,74.25,124.8,[35.59999847 37.59999847 22.39999962],[[4324.]],2015-03-24 20:25:11.800000,earthquake_local,OK031.GS_20150324202510_EV,"[18.892718897613168, 12.584060068315123, 12.363027542144078]"
1007821,GS,OK031,HH,35.95309,-96.83911,290.0,400.0,manual,0.5,13.020000457763672,1306.0,manual,0.5,606861256,2015-03-24 20:25:04.78,1.04,36.3365,-97.5153,0.8378,17.652,3.50156,5.85,7.5,3.5,mb_lg,,,0.67,74.25,124.8,[30.39999962 31.29999924 21.20000076],[[4277.]],2015-03-24 20:25:13.800000,earthquake_local,OK031.GS_20150324202512_EV,"[17.82635221747531, 11.052568361602821, 10.786919061217013]"
1007822,GS,OK031,HH,35.95309,-96.83911,290.0,700.0,manual,0.5,16.8799991607666,1916.0,autopicker,0.48,606861267,2015-03-25 00:15:27.25,1.1,36.5894,-97.6162,0.8016,24.547,3.32305,3.26,,3.7,mb,,,0.89,99.3,135.1,[36.         37.09999847 31.89999962],[[4028.]],2015-03-25 00:15:37.130000,earthquake_local,OK031.GS_20150325001536_EV,"[33.27779338252486, 27.657497324713034, 28.081992597291297]"
1007823,GS,OK031,HH,35.95309,-96.83911,290.0,400.0,manual,0.5,16.8799991607666,1616.0,autopicker,0.51,606861267,2015-03-25 00:15:27.25,1.1,36.5894,-97.6162,0.8016,24.547,3.32305,3.26,,3.7,mb,,,0.89,99.3,135.1,[33.         34.40000153 32.29999924],[[5593.]],2015-03-25 00:15:40.130000,earthquake_local,OK031.GS_20150325001539_EV,"[32.55704345751637, 27.31467307937028, 28.067930547745608]"
1007824,GS,OK031,HH,35.95309,-96.83911,290.0,900.0,manual,0.5,10.289999961853027,1640.0,manual,0.5,606861272,2015-03-25 03:15:17.20,1.0,36.2729,-97.372,0.87,18.647,3.33246,8.37,7.9,3.5,ml,,,0.54,59.68,126.3,[46.20000076 51.40000153 39.29999924],[[5264.]],2015-03-25 03:15:18.490000,earthquake_local,OK031.GS_20150325031517_EV,"[33.4852852099864, 27.352139764477673, 25.609660301321476]"
1007825,GS,OK031,HH,35.95309,-96.83911,290.0,700.0,manual,0.5,10.289999961853027,1440.0,manual,0.5,606861272,2015-03-25 03:15:17.20,1.0,36.2729,-97.372,0.87,18.647,3.33246,8.37,7.9,3.5,ml,,,0.54,59.68,126.3,[45.59999847 51.79999924 38.20000076],[[3865.]],2015-03-25 03:15:20.490000,earthquake_local,OK031.GS_20150325031519_EV,"[33.5231145940275, 27.37566796036408, 25.64247426862812]"
1007826,GS,OK031,HH,35.95309,-96.83911,290.0,600.0,manual,0.5,10.289999961853027,1340.0,manual,0.5,606861272,2015-03-25 03:15:17.20,1.0,36.2729,-97.372,0.87,18.647,3.33246,8.37,7.9,3.5,ml,,,0.54,59.68,126.3,[45.90000153 51.29999924 39.09999847],[[3660.]],2015-03-25 03:15:21.490000,earthquake_local,OK031.GS_20150325031520_EV,"[33.56469573196896, 27.13823911893014, 25.180508397085028]"
1007827,GS,OK031,HH,35.95309,-96.83911,290.0,400.0,manual,0.5,10.289999961853027,1140.0,manual,0.5,606861272,2015-03-25 03:15:17.20,1.0,36.2729,-97.372,0.87,18.647,3.33246,8.37,7.9,3.5,ml,,,0.54,59.68,126.3,[44.20000076 49.5        36.        ],[[3565.]],2015-03-25 03:15:23.490000,earthquake_local,OK031.GS_20150325031522_EV,"[33.3725435951115, 26.077737211738395, 25.04374606661647]"
1007828,GS,OK031,HH,35.95309,-96.83911,290.0,800.0,manual,0.5,7.289999961853027,1322.0,autopicker,0.82,610587160,2015-03-27 16:39:03.78,1.17,36.1335,-97.2425,0.6841,45.509,3.24349,2.85,,3.2,mb_lg,,,0.37,41.5,118.7,[36.09999847 36.         32.29999924],[[3360.]],2015-03-27 16:39:03.070000,earthquake_local,OK031.GS_20150327163902_EV,"[30.222044374371805, 30.983631822839754, 31.21905781798487]"
1007829,GS,OK031,HH,35.95309,-96.83911,290.0,500.0,manual,0.5,7.289999961853027,1024.0,autopicker,0.83,610587160,2015-03-27 16:39:03.78,1.17,36.1335,-97.2425,0.6841,45.509,3.24349,2.85,,3.2,mb_lg,,,0.37,41.5,118.7,[36.29999924 39.70000076 34.79999924],[[2888.]],2015-03-27 16:39:06.070000,earthquake_local,OK031.GS_20150327163905_EV,"[30.42281723431291, 30.68904950209495, 31.418273155813147]"
1007830,GS,OK031,HH,35.95309,-96.83911,290.0,400.0,manual,0.5,7.289999961853027,923.0,autopicker,0.83,610587160,2015-03-27 16:39:03.78,1.17,36.1335,-97.2425,0.6841,45.509,3.24349,2.85,,3.2,mb_lg,,,0.37,41.5,118.7,[38.         40.20000076 35.5       ],[[2640.]],2015-03-27 16:39:07.070000,earthquake_local,OK031.GS_20150327163906_EV,"[30.291800922221253, 30.622010686797083, 31.330350616726594]"
1007831,GS,OK031,HH,35.95309,-96.83911,290.0,600.0,manual,0.5,25.71999931335449,2533.0,autopicker,0.51,610587168,2015-03-27 20:20:33.51,0.87,37.0453,-97.9162,0.7498,23.83,3.12636,7.19,5.2,3.1,mb_lg,,,1.39,154.92,141.2,[35.         35.09999847 24.29999924],[[5900.]],2015-03-27 20:20:53.230000,earthquake_local,OK031.GS_20150327202052_EV,"[24.024463858580866, 17.87330092318839, 21.08888780061107]"
1007833,GS,OK031,HH,35.95309,-96.83911,290.0,900.0,manual,0.5,32.380001068115234,3457.0,autopicker,0.57,610587187,2015-03-28 11:08:54.18,0.98,36.5094,-98.9544,0.8003,45.156,5.06283,8.86,,3.1,mb_lg,,,1.8,199.93,107.4,[29.70000076 31.10000038 20.70000076],[[5900.]],2015-03-28 11:09:17.560000,earthquake_local,OK031.GS_20150328110916_EV,"[22.838951559979733, 16.77252883627459, 11.906909475899749]"
1007834,GS,OK031,HH,35.95309,-96.83911,290.0,600.0,manual,0.5,32.380001068115234,3156.0,autopicker,0.56,610587187,2015-03-28 11:08:54.18,0.98,36.5094,-98.9544,0.8003,45.156,5.06283,8.86,,3.1,mb_lg,,,1.8,199.93,107.4,[28.39999962 30.60000038 20.5       ],[[5900.]],2015-03-28 11:09:20.560000,earthquake_local,OK031.GS_20150328110919_EV,"[23.501658183239144, 17.22405964571387, 12.669409514661963]"
1007835,GS,OK031,HH,35.95309,-96.83911,290.0,600.0,manual,0.5,10.279999732971191,1304.0,manual,0.5,606950106,2015-03-29 05:06:01.01,0.88,35.8321,-97.4651,0.419,69.177,3.77546,6.44,,3.1,mb_lg,,,0.52,58.09,76.5,[25.79999924 27.60000038 27.        ],[[5900.]],2015-03-29 05:06:05.290000,earthquake_local,OK031.GS_20150329050604_EV,"[27.12565280366272, 20.310657098144592, 11.191195114857429]"
1007836,GS,OK031,HH,35.95309,-96.83911,290.0,500.0,manual,0.5,10.279999732971191,1204.0,manual,0.5,606950106,2015-03-29 05:06:01.01,0.88,35.8321,-97.4651,0.419,69.177,3.77546,6.44,,3.1,mb_lg,,,0.52,58.09,76.5,[26.89999962 28.29999924 27.79999924],[[3416.]],2015-03-29 05:06:06.290000,earthquake_local,OK031.GS_20150329050605_EV,"[27.041475194477485, 20.9836507563935, 11.30452670184905]"
1007837,GS,OK031,HH,35.95309,-96.83911,290.0,400.0,manual,0.5,10.279999732971191,1104.0,manual,0.5,606950106,2015-03-29 05:06:01.01,0.88,35.8321,-97.4651,0.419,69.177,3.77546,6.44,,3.1,mb_lg,,,0.52,58.09,76.5,[28.60000038 30.5        26.20000076],[[3316.]],2015-03-29 05:06:07.290000,earthquake_local,OK031.GS_20150329050606_EV,"[27.06328670489161, 21.629904486746533, 11.484927416139087]"
1007838,GS,OK031,HH,35.95309,-96.83911,290.0,900.0,manual,0.5,7.210000038146973,1440.0,manual,0.5,606950940,2015-03-30 05:57:32.20,1.18,36.1348,-97.2435,0.7674,29.808,3.02703,0.51,,3.1,mb_lg,,,0.38,41.65,118.8,[43.20000076 42.40000153 37.79999924],[[3216.]],2015-03-30 05:57:30.410000,earthquake_local,OK031.GS_20150330055729_EV,"[35.131395027527844, 38.59417609260299, 37.34430053316308]"
1007839,GS,OK031,HH,35.95309,-96.83911,290.0,800.0,manual,0.5,7.210000038146973,1340.0,manual,0.5,606950940,2015-03-30 05:57:32.20,1.18,36.1348,-97.2435,0.7674,29.808,3.02703,0.51,,3.1,mb_lg,,,0.38,41.65,118.8,[43.59999847 42.70000076 37.        ],[[3060.]],2015-03-30 05:57:31.410000,earthquake_local,OK031.GS_20150330055730_EV,"[35.13119454892237, 38.594145452198546, 37.34435363445745]"
1007840,GS,OK031,HH,35.95309,-96.83911,290.0,700.0,manual,0.5,7.210000038146973,1240.0,manual,0.5,606950940,2015-03-30 05:57:32.20,1.18,36.1348,-97.2435,0.7674,29.808,3.02703,0.51,,3.1,mb_lg,,,0.38,41.65,118.8,[43.09999847 42.59999847 37.5       ],[[2960.]],2015-03-30 05:57:32.410000,earthquake_local,OK031.GS_20150330055731_EV,"[35.156320754163076, 38.61688193455843, 37.37073810272489]"
1007841,GS,OK031,HH,35.95309,-96.83911,290.0,700.0,manual,0.5,7.019999980926514,1227.0,manual,0.5,610587240,2015-03-30 06:06:15.48,1.06,36.1286,-97.2365,0.5553,29.666,3.2645,5.52,,3.0,mb_lg,,,0.37,40.76,118.4,[53.09999847 51.79999924 43.79999924],[[2860.]],2015-03-30 06:06:15.500000,earthquake_local,OK031.GS_20150330060614_EV,"[27.04640821008027, 47.163088588725834, 46.33004570454575]"
1007842,GS,OK031,HH,35.95309,-96.83911,290.0,600.0,manual,0.5,7.019999980926514,1127.0,manual,0.5,610587240,2015-03-30 06:06:15.48,1.06,36.1286,-97.2365,0.5553,29.666,3.2645,5.52,,3.0,mb_lg,,,0.37,40.76,118.4,[51.59999847 52.59999847 46.        ],[[2839.]],2015-03-30 06:06:16.500000,earthquake_local,OK031.GS_20150330060615_EV,"[27.060740926978454, 47.313260041496854, 46.31113290370483]"
1007843,GS,OK031,HH,35.95309,-96.83911,290.0,500.0,manual,0.5,7.019999980926514,1027.0,manual,0.5,610587240,2015-03-30 06:06:15.48,1.06,36.1286,-97.2365,0.5553,29.666,3.2645,5.52,,3.0,mb_lg,,,0.37,40.76,118.4,[54.09999847 53.09999847 45.90000153],[[2739.]],2015-03-30 06:06:17.500000,earthquake_local,OK031.GS_20150330060616_EV,"[24.097050365395106, 47.1053292238026, 45.90623458592502]"
1007845,GS,OK031,HH,35.95309,-96.83911,290.0,700.0,manual,0.5,12.210000038146973,1514.0,manual,0.5,606963936,2015-04-02 03:05:17.53,1.06,36.1391,-97.5613,1.0106,31.311,3.75085,6.79,,3.4,mb_lg,,,0.61,68.27,107.4,[38.5        35.         32.09999847],[[5900.]],2015-04-02 03:05:22.740000,earthquake_local,OK031.GS_20150402030521_EV,"[30.927726915687586, 22.891077187500773, 20.309501642250588]"
1007846,GS,OK031,HH,35.95309,-96.83911,290.0,400.0,manual,0.5,12.210000038146973,1214.0,manual,0.5,606963936,2015-04-02 03:05:17.53,1.06,36.1391,-97.5613,1.0106,31.311,3.75085,6.79,,3.4,mb_lg,,,0.61,68.27,107.4,[36.40000153 37.         33.79999924],[[4035.]],2015-04-02 03:05:25.740000,earthquake_local,OK031.GS_20150402030524_EV,"[31.566162022543107, 21.8380769828155, 19.75113734518911]"
1007847,GS,OK031,HH,35.95309,-96.83911,290.0,800.0,manual,0.5,11.81999969482422,1609.0,manual,0.5,607261916,2015-04-02 03:58:11.16,1.03,36.1378,-97.5428,0.9049,44.355,4.0031,6.57,,3.5,mb_lg,,,0.6,66.64,107.7,[33.90000153 34.40000153 29.5       ],[[3663.]],2015-04-02 03:58:14.980000,earthquake_local,OK031.GS_20150402035813_EV,"[25.52725770965074, 18.18887522569884, 15.23379666485969]"
1007848,GS,OK031,HH,35.95309,-96.83911,290.0,600.0,manual,0.5,11.81999969482422,1409.0,manual,0.5,607261916,2015-04-02 03:58:11.16,1.03,36.1378,-97.5428,0.9049,44.355,4.0031,6.57,,3.5,mb_lg,,,0.6,66.64,107.7,[34.5        33.09999847 28.79999924],[[4036.]],2015-04-02 03:58:16.980000,earthquake_local,OK031.GS_20150402035815_EV,"[25.609735762940943, 18.418469459860454, 15.748651504593774]"
1007849,GS,OK031,HH,35.95309,-96.83911,290.0,400.0,manual,0.5,11.81999969482422,1209.0,manual,0.5,607261916,2015-04-02 03:58:11.16,1.03,36.1378,-97.5428,0.9049,44.355,4.0031,6.57,,3.5,mb_lg,,,0.6,66.64,107.7,[35.40000153 33.79999924 26.10000038],[[3836.]],2015-04-02 03:58:18.980000,earthquake_local,OK031.GS_20150402035817_EV,"[25.751951281393325, 19.659102089668746, 17.32911301901116]"
1007850,GS,OK031,HH,35.95309,-96.83911,290.0,900.0,manual,0.5,22.979999542236328,2472.0,autopicker,0.63,606981615,2015-04-03 02:16:49.22,1.04,36.4783,-98.17,0.8087,19.004,3.92311,6.66,,3.4,mb_lg,,,1.2,133.1,115.6,[50.70000076 46.79999924 33.40000153],[[3642.]],2015-04-03 02:17:03.200000,earthquake_local,OK031.GS_20150403021702_EV,"[3.17877145938938, 13.277066111827443, 11.580661763909507]"
1007851,GS,OK031,HH,35.95309,-96.83911,290.0,800.0,manual,0.5,22.979999542236328,2376.0,autopicker,0.59,606981615,2015-04-03 02:16:49.22,1.04,36.4783,-98.17,0.8087,19.004,3.92311,6.66,,3.4,mb_lg,,,1.2,133.1,115.6,[49.09999847 46.59999847 32.79999924],[[5900.]],2015-04-03 02:17:04.200000,earthquake_local,OK031.GS_20150403021703_EV,"[3.1787717730915572, 13.27706982955367, 11.580669282956356]"
1007852,GS,OK031,HH,35.95309,-96.83911,290.0,500.0,manual,0.5,22.979999542236328,2076.0,autopicker,0.59,606981615,2015-04-03 02:16:49.22,1.04,36.4783,-98.17,0.8087,19.004,3.92311,6.66,,3.4,mb_lg,,,1.2,133.1,115.6,[47.29999924 47.59999847 30.60000038],[[5900.]],2015-04-03 02:17:07.200000,earthquake_local,OK031.GS_20150403021706_EV,"[0.17224253890842522, 10.355386187725884, 8.611964545004527]"
1007855,GS,OK031,HH,35.95309,-96.83911,290.0,900.0,manual,0.5,22.520000457763672,2482.0,autopicker,0.64,606982072,2015-04-03 20:54:00.50,0.87,36.5005,-98.1447,0.8865,22.4,4.29399,12.49,,3.3,mb_lg,,,1.19,132.16,117.0,[33.20000076 32.5        23.29999924],[[5852.]],2015-04-03 20:54:14.020000,earthquake_local,OK031.GS_20150403205413_EV,"[21.354612754078897, 18.545550324324914, 16.47844639183723]"
1007856,GS,OK031,HH,35.95309,-96.83911,290.0,400.0,manual,0.5,22.520000457763672,1983.0,autopicker,0.61,606982072,2015-04-03 20:54:00.50,0.87,36.5005,-98.1447,0.8865,22.4,4.29399,12.49,,3.3,mb_lg,,,1.19,132.16,117.0,[30.89999962 30.20000076 21.29999924],[[5900.]],2015-04-03 20:54:19.020000,earthquake_local,OK031.GS_20150403205418_EV,"[19.018429610562237, 18.37117047738503, 15.88257486652179]"
1007857,GS,OK031,HH,35.95309,-96.83911,290.0,800.0,manual,0.5,18.709999084472656,2120.0,autopicker,0.76,606982075,2015-04-03 21:28:36.98,1.1,36.6651,-97.6713,0.5152,32.101,3.31793,3.23,,3.3,mb_lg,,,0.98,108.76,136.3,[31.39999962 30.89999962 25.60000038],[[5900.]],2015-04-03 21:28:47.690000,earthquake_local,OK031.GS_20150403212846_EV,"[20.50868747333979, 10.95301008483278, 11.885170546149325]"
1007858,GS,OK031,HH,35.95309,-96.83911,290.0,600.0,manual,0.5,18.709999084472656,1921.0,autopicker,0.71,606982075,2015-04-03 21:28:36.98,1.1,36.6651,-97.6713,0.5152,32.101,3.31793,3.23,,3.3,mb_lg,,,0.98,108.76,136.3,[30.         30.20000076 23.79999924],[[5900.]],2015-04-03 21:28:49.690000,earthquake_local,OK031.GS_20150403212848_EV,"[20.145712371278215, 10.902753587512802, 11.648798098483821]"
1007859,GS,OK031,HH,35.95309,-96.83911,290.0,800.0,manual,0.5,21.809999465942383,2353.0,autopicker,0.63,606982083,2015-04-04 00:20:01.83,0.91,36.9287,-97.6244,0.9944,20.927,3.52945,8.58,,3.3,mb_lg,,,1.16,129.14,146.7,[37.09999847 36.70000076 31.20000076],[[5900.]],2015-04-04 00:20:15.640000,earthquake_local,OK031.GS_20150404002014_EV,"[25.31381255828267, 13.170214935774887, 19.19171901988516]"
1007860,GS,OK031,HH,35.95309,-96.83911,290.0,600.0,manual,0.5,21.809999465942383,2155.0,autopicker,0.55,606982083,2015-04-04 00:20:01.83,0.91,36.9287,-97.6244,0.9944,20.927,3.52945,8.58,,3.3,mb_lg,,,1.16,129.14,146.7,[36.70000076 38.         30.70000076],[[5900.]],2015-04-04 00:20:17.640000,earthquake_local,OK031.GS_20150404002016_EV,"[25.060646886294407, 13.07833154497877, 19.18486722626702]"
1007861,GS,OK031,HH,35.95309,-96.83911,290.0,900.0,manual,0.5,12.020000457763672,1720.0,autopicker,0.66,606982087,2015-04-04 00:49:59.12,1.04,36.1325,-97.5616,1.058,18.231,3.98615,6.58,,3.7,mwr,,,0.61,68.08,106.8,[45.90000153 44.29999924 43.40000153],[[5900.]],2015-04-04 00:50:02.140000,earthquake_local,OK031.GS_20150404005001_EV,"[38.34093368638201, 28.134426444627678, 25.349817067493255]"
1007862,GS,OK031,HH,35.95309,-96.83911,290.0,500.0,manual,0.5,12.020000457763672,1320.0,autopicker,0.7,606982087,2015-04-04 00:49:59.12,1.04,36.1325,-97.5616,1.058,18.231,3.98615,6.58,,3.7,mwr,,,0.61,68.08,106.8,[47.09999847 46.09999847 41.09999847],[[4180.]],2015-04-04 00:50:06.140000,earthquake_local,OK031.GS_20150404005005_EV,"[37.92013226474765, 28.78546246856006, 24.974856702209152]"
1007863,GS,OK031,HH,35.95309,-96.83911,290.0,400.0,manual,0.5,12.020000457763672,1221.0,autopicker,0.68,606982087,2015-04-04 00:49:59.12,1.04,36.1325,-97.5616,1.058,18.231,3.98615,6.58,,3.7,mwr,,,0.61,68.08,106.8,[45.59999847 45.09999847 40.20000076],[[3802.]],2015-04-04 00:50:07.140000,earthquake_local,OK031.GS_20150404005006_EV,"[37.91678204656324, 28.850626051295805, 24.975268402163884]"
1007864,GS,OK031,HH,35.95309,-96.83911,290.0,600.0,manual,0.5,11.850000381469728,1420.0,manual,0.5,606982097,2015-04-04 05:02:35.93,1.03,36.1337,-97.5596,0.6789,31.955,3.41766,6.05,,3.4,mb_lg,,,0.61,67.95,106.9,[50.59999847 49.20000076 43.70000076],[[3752.]],2015-04-04 05:02:41.780000,earthquake_local,OK031.GS_20150404050240_EV,"[40.56908539465233, 33.1556087387282, 32.06149094458568]"
